{
  "figmaColors": [
    "#000000",
    "#0272c3",
    "#455f87",
    "#50c878",
    "#555e69",
    "#7d53b3",
    "#cccccc",
    "#dcdcdc",
    "#dee4ec",
    "#dfdfdf",
    "#f0f5ff",
    "#f3f7ff",
    "#f5f6f7",
    "#ffffff"
  ],
  "tokenColors": [
    "#000000",
    "#0272c3",
    "#0d47a1",
    "#1565c0",
    "#1890ff",
    "#1b5e20",
    "#1f1f1f",
    "#262626",
    "#2c4666",
    "#2e7d32",
    "#40a9ff",
    "#434343",
    "#455f87",
    "#50c878",
    "#555e69",
    "#595959",
    "#7d53b3",
    "#8c8c8c",
    "#b71c1c",
    "#bbdefb",
    "#bfbfbf",
    "#c62828",
    "#cccccc",
    "#d4edd4",
    "#d9d9d9",
    "#dcdcdc",
    "#dfdfdf",
    "#e3f2fd",
    "#e65100",
    "#e8e8e8",
    "#e8f5e8",
    "#f0f5ff",
    "#f3f7ff",
    "#f57c00",
    "#f5f6f7",
    "#fa8c16",
    "#fafafa",
    "#ff4d4f",
    "#ffcdd2",
    "#ffe0b2",
    "#ffebee",
    "#fff3e0",
    "#ffffff"
  ],
  "matching": [
    "#000000",
    "#0272c3",
    "#455f87",
    "#50c878",
    "#555e69",
    "#7d53b3",
    "#cccccc",
    "#dcdcdc",
    "#dfdfdf",
    "#f0f5ff",
    "#f3f7ff",
    "#f5f6f7",
    "#ffffff"
  ],
  "onlyInFigma": [
    "#dee4ec"
  ],
  "onlyInTokens": [
    "#0d47a1",
    "#1565c0",
    "#1890ff",
    "#1b5e20",
    "#1f1f1f",
    "#262626",
    "#2c4666",
    "#2e7d32",
    "#40a9ff",
    "#434343",
    "#595959",
    "#8c8c8c",
    "#b71c1c",
    "#bbdefb",
    "#bfbfbf",
    "#c62828",
    "#d4edd4",
    "#d9d9d9",
    "#e3f2fd",
    "#e65100",
    "#e8e8e8",
    "#e8f5e8",
    "#f57c00",
    "#fa8c16",
    "#fafafa",
    "#ff4d4f",
    "#ffcdd2",
    "#ffe0b2",
    "#ffebee",
    "#fff3e0"
  ],
  "rgbaColors": [
    {
      "hex": "#555e69",
      "rgba": {
        "r": 0.3333333432674408,
        "g": 0.3686274588108063,
        "b": 0.4117647111415863,
        "a": 1
      },
      "source": "Page: Integrations"
    },
    {
      "hex": "#555e69",
      "rgba": {
        "r": 0.3332744836807251,
        "g": 0.36747854948043823,
        "b": 0.4122070372104645,
        "a": 1
      },
      "source": "Page: illustrations, icons, and inspiration"
    },
    {
      "hex": "#555e69",
      "rgba": {
        "r": 0.3333333432674408,
        "g": 0.3686274588108063,
        "b": 0.4117647111415863,
        "a": 1
      },
      "source": "Page: Rescale 2.0 Flow"
    },
    {
      "hex": "#555e69",
      "rgba": {
        "r": 0.3333333432674408,
        "g": 0.3686274588108063,
        "b": 0.4117647111415863,
        "a": 1
      },
      "source": "Page: Rescale 2.5 Flow"
    },
    {
      "hex": "#555e69",
      "rgba": {
        "r": 0.3333333432674408,
        "g": 0.3686274588108063,
        "b": 0.4117647111415863,
        "a": 1
      },
      "source": "Page: Rescale 2.5 Flow [JS]"
    },
    {
      "hex": "#cccccc",
      "rgba": {
        "r": 0.800000011920929,
        "g": 0.800000011920929,
        "b": 0.800000011920929,
        "a": 1
      },
      "source": "Page: Study Entity MS1"
    },
    {
      "hex": "#cccccc",
      "rgba": {
        "r": 0.800000011920929,
        "g": 0.800000011920929,
        "b": 0.800000011920929,
        "a": 1
      },
      "source": "Page: Study Entity MS2"
    },
    {
      "hex": "#cccccc",
      "rgba": {
        "r": 0.800000011920929,
        "g": 0.800000011920929,
        "b": 0.800000011920929,
        "a": 1
      },
      "source": "Page: Study Entity MS3"
    },
    {
      "hex": "#cccccc",
      "rgba": {
        "r": 0.800000011920929,
        "g": 0.800000011920929,
        "b": 0.800000011920929,
        "a": 1
      },
      "source": "Page: Study Entity MS4"
    },
    {
      "hex": "#cccccc",
      "rgba": {
        "r": 0.800000011920929,
        "g": 0.800000011920929,
        "b": 0.800000011920929,
        "a": 1
      },
      "source": "Page: Studiy Entity MS5"
    },
    {
      "hex": "#cccccc",
      "rgba": {
        "r": 0.800000011920929,
        "g": 0.800000011920929,
        "b": 0.800000011920929,
        "a": 1
      },
      "source": "Page: Studiy Entity MS6"
    },
    {
      "hex": "#cccccc",
      "rgba": {
        "r": 0.800000011920929,
        "g": 0.800000011920929,
        "b": 0.800000011920929,
        "a": 1
      },
      "source": "Page: Admin"
    },
    {
      "hex": "#cccccc",
      "rgba": {
        "r": 0.800000011920929,
        "g": 0.800000011920929,
        "b": 0.800000011920929,
        "a": 1
      },
      "source": "Page: Search & Rescale AI"
    },
    {
      "hex": "#cccccc",
      "rgba": {
        "r": 0.800000011920929,
        "g": 0.800000011920929,
        "b": 0.800000011920929,
        "a": 1
      },
      "source": "Page: Workflows"
    },
    {
      "hex": "#cccccc",
      "rgba": {
        "r": 0.800000011920929,
        "g": 0.800000011920929,
        "b": 0.800000011920929,
        "a": 1
      },
      "source": "Page: Rescale Data Components"
    },
    {
      "hex": "#dee4ec",
      "rgba": {
        "r": 0.8712277412414551,
        "g": 0.895709216594696,
        "b": 0.9244466423988342,
        "a": 1
      },
      "source": "Page: Job Setup"
    },
    {
      "hex": "#dee4ec",
      "rgba": {
        "r": 0.8712277412414551,
        "g": 0.895709216594696,
        "b": 0.9244466423988342,
        "a": 1
      },
      "source": "Page: Job Status"
    }
  ],
  "consistencyScore": 28,
  "timestamp": "2025-07-23T20:16:32.737Z"
}